test_target,n_train,n_test,features,r2,rmse,mae,spearman,pearson,unc_corr,mean_std
ERBB2,1800,1717,ligand_only,0.3554954925037219,0.9137106725684401,0.6837465439659604,0.5789487143816054,0.6402314800869836,0.12452522433726922,0.06285946875053226
ERBB2,1800,1717,protein_conditioned,0.33447320113161116,0.9284926969821274,0.7047391218270191,0.5694825524213559,0.6107053742721784,0.05860182245005202,0.06521960055133989
EGFR,1935,1582,ligand_only,0.3056579643513817,1.1740581524421576,0.9154155516639344,0.5854004178891566,0.5906014644671942,0.23886413858054945,0.07156397268401707
EGFR,1935,1582,protein_conditioned,0.30603643176138384,1.1737381348631426,0.9153742558193924,0.5865624874563689,0.5907758753943212,0.23922864444552858,0.07032173368923474
ERBB4,3299,218,ligand_only,0.146598755463638,1.0086137102321922,0.8145425035416002,0.5833369098179907,0.5982086321237952,0.23551179463856603,0.052585838314812436
ERBB4,3299,218,protein_conditioned,0.1452797774117307,1.0093928429813237,0.8074750018057416,0.601196100784167,0.6116150488161809,0.22534964944303537,0.0519274293119325
